condition,feature,cliffs_delta,p,median_cond,median_ctrl,padj
auxin,Brd4_n_foci,-0.002663920883985038,0.8220571,697.0,703.0,0.8220571279525757
auxin,Brd4_density_per_um3,-0.02896404659685403,0.014474706,1.1053087,1.1175786,0.019157698843628168
auxin,Brd4_foci_vol_mean_um3,-0.05629570554874552,2.0069217e-06,0.37297684,0.37541276,3.7629781957093655e-06
auxin,Brd4_foci_vol_median_um3,-0.035968171834738105,0.002387683,0.2974,0.3003,0.0032559312372045083
auxin,Brd4_foci_vol_cv,-0.0904603072096114,2.2225989e-14,0.7890623,0.7983599,7.693611466808266e-14
auxin,Brd4_condensed_fraction,-0.07114248935349099,1.8998239e-09,0.53214735,0.5371541,4.499582811608829e-09
auxin,Brd4_partition_coefficient,0.02317949431711308,0.05035861,1.6172717,1.6102333,0.05963519411651712
auxin,Brd4_mean_foci_intensity,-0.12896977505795215,1.3125899e-27,530.50464,553.60974,9.84442437376814e-27
auxin,Brd4_foci_local_dapi,0.04101928716163861,0.00053414947,156.38313,155.32257,0.0007511476906074677
auxin,Sc35_n_foci,0.08080236794293505,8.786821e-12,34.0,33.0,2.325923231589951e-11
auxin,Sc35_density_per_um3,0.09850857128450752,9.059193e-17,0.05474995,0.0528489,3.3971972749404763e-16
auxin,Sc35_foci_vol_mean_um3,-0.048150288862126245,4.8021648e-05,0.3104,0.3154558,7.203247150755487e-05
auxin,Sc35_foci_vol_median_um3,-0.026084562528315924,0.027649237,0.23185,0.23475,0.0345615460537374
auxin,Sc35_foci_vol_cv,-0.05487955239237097,3.6013325e-06,0.81619895,0.82463044,6.482398566731717e-06
auxin,Sc35_condensed_fraction,0.04192845659295896,0.00040045797,0.048511773,0.046821594,0.000581309953216283
auxin,Sc35_partition_coefficient,0.010845625283159688,0.35985896,2.9451702,2.922511,0.38556317133562906
auxin,Sc35_mean_foci_intensity,-0.11722967444290344,4.2887035e-23,736.5144,793.947,2.144351763420138e-22
auxin,Sc35_foci_local_dapi,0.013997397727203209,0.23731436,141.45973,141.27505,0.26697865314781666
auxin,DAPI_n_foci,0.08099033307271819,7.0925813e-12,12.0,12.0,1.9947884896632725e-11
auxin,DAPI_density_per_um3,0.08455503208758697,9.435342e-13,0.019573877,0.018416092,2.8306026142801977e-12
auxin,DAPI_foci_vol_mean_um3,0.011811184253415208,0.31869453,1.4597533,1.4588714,0.3497866813729449
auxin,DAPI_foci_vol_median_um3,0.007156212896466618,0.54574245,0.9302,0.9185,0.5581456896933642
auxin,DAPI_foci_vol_cv,0.019369843918828344,0.10199203,0.89274746,0.88428384,0.11768311548691529
auxin,DAPI_condensed_fraction,0.0896505653647992,3.7705695e-14,0.026203208,0.02440473,1.2119687795554618e-13
auxin,DAPI_partition_coefficient,0.06691278910267684,1.6133715e-08,0.8445561,0.8270206,3.630085831929364e-08
auxin,DAPI_mean_foci_intensity,0.05275632961386134,8.432388e-06,127.365875,124.30377,1.40539805215667e-05
auxin,DAPI_foci_local_dapi,0.07370396178281058,4.8958987e-10,238.81892,233.73764,1.223974671615835e-09
auxin,Pol2_n_foci,0.13476920791046765,4.212424e-30,7.0,6.0,9.477954150793072e-29
auxin,Pol2_density_per_um3,0.14726027397260277,1.7068426e-35,0.011322697,0.008932066,7.680791797544325e-34
auxin,Pol2_foci_vol_mean_um3,0.04984458565697758,2.5686128e-05,0.07081429,0.06752853,4.128127654569523e-05
auxin,Pol2_foci_vol_median_um3,0.026178731566550706,0.027035724,0.0525,0.051,0.0345615460537374
auxin,Pol2_foci_vol_cv,0.059950359304296263,4.001422e-07,0.66754067,0.62764144,7.828869100827116e-07
auxin,Pol2_condensed_fraction,0.12256747388739186,4.2239976e-25,0.0011537032,0.00087071443,2.7154270447981057e-24
auxin,Pol2_partition_coefficient,-0.0246723999014824,0.037230372,1.3163408,1.3257375,0.045280182683790055
auxin,Pol2_mean_foci_intensity,-0.06526231354343959,3.5783046e-08,230.742,237.31389,7.667795541367792e-08
auxin,Pol2_foci_local_dapi,0.06445361594934851,5.262367e-08,146.95679,145.40329,1.0763932290945956e-07
auxin,coloc_Brd4_Pol2_frac,0.13133742709451712,1.189159e-28,0.005550416,0.004322144,1.0702430497335028e-27
auxin,coloc_Brd4_Pol2_nn_um,-0.1330846077294543,2.679114e-29,2.4765809,2.7202487,4.0186708502522033e-28
auxin,coloc_Brd4_Pol2_enrich,0.008181144979145571,0.4891081,1.766818,1.7491422,0.5118572989175486
auxin,coloc_Pol2_Sc35_frac,0.09952145718922623,8.639938e-24,0.0,0.0,4.859965306205679e-23
auxin,coloc_Pol2_Sc35_nn_um,-0.048928777774644994,3.6059926e-05,0.8447992,0.86177367,5.595505767971566e-05
auxin,coloc_Pol2_Sc35_enrich,0.09556378425123713,4.6492205e-22,0.0,0.0,2.0921492401159358e-21
auxin,coloc_Brd4_Sc35_frac,0.10558825552099083,4.9129224e-19,0.025540275,0.024163568,2.0098318945897574e-18
auxin,coloc_Brd4_Sc35_nn_um,-0.1322407412628661,6.0947353e-29,1.3134565,1.3406518,6.856577222945236e-28
auxin,coloc_Brd4_Sc35_enrich,0.05381333511154307,5.5420805e-06,1.7649329,1.7261748,9.592062479686529e-06
jq1,Brd4_n_foci,-0.01472943966353557,0.186115,703.5,703.0,0.2147480730827038
jq1,Brd4_density_per_um3,-0.026062148826118126,0.019313974,1.1087973,1.1175786,0.02556261305204209
jq1,Brd4_foci_vol_mean_um3,-0.057802234013221154,2.119943e-07,0.37262696,0.37541276,3.6691321980697467e-07
jq1,Brd4_foci_vol_median_um3,-0.08306698353419628,8.790055e-14,0.2945,0.3003,2.47220304530572e-13
jq1,Brd4_foci_vol_cv,0.04555736629831619,4.3258686e-05,0.8011174,0.7983599,6.952288783525416e-05
jq1,Brd4_condensed_fraction,-0.07325846148634829,4.8358175e-11,0.53243905,0.5371541,1.0362466093538636e-10
jq1,Brd4_partition_coefficient,0.005410465744458026,0.62720877,1.6098132,1.6102333,0.6414635140787471
jq1,Brd4_mean_foci_intensity,-0.12194941526956782,6.9039644e-28,533.52454,553.60974,3.1067839656517586e-27
jq1,Brd4_foci_local_dapi,0.023879076755318307,0.03207675,155.61569,155.32257,0.04009593743830919
jq1,Sc35_n_foci,0.03891175979040207,0.00047477515,34.0,33.0,0.0006891897365060304
jq1,Sc35_density_per_um3,0.0445661589862032,6.3237014e-05,0.053760454,0.0528489,9.48555207287427e-05
jq1,Sc35_foci_vol_mean_um3,0.004365770535803115,0.6951457,0.31643182,0.3154558,0.6951457262039185
jq1,Sc35_foci_vol_median_um3,-0.012760101242189514,0.25203928,0.2333,0.23475,0.2766284819056348
jq1,Sc35_foci_vol_cv,0.02178482946265281,0.050527286,0.83131486,0.82463044,0.059834943692150866
jq1,Sc35_condensed_fraction,0.0668306360240174,1.986488e-09,0.049166456,0.046821594,3.886607123094598e-09
jq1,Sc35_partition_coefficient,0.07269783485478065,6.773957e-11,3.0044305,2.922511,1.385582131984243e-10
jq1,Sc35_mean_foci_intensity,-0.005848643076200366,0.5995931,794.17706,793.947,0.627481154231138
jq1,Sc35_foci_local_dapi,0.007213549586331247,0.51730597,141.23154,141.27505,0.5542563966342381
jq1,DAPI_n_foci,0.1025962925353312,2.605468e-20,13.0,12.0,8.374718679761995e-20
jq1,DAPI_density_per_um3,0.10677049669894378,9.332604e-22,0.019602003,0.018416092,3.2305166539165576e-21
jq1,DAPI_foci_vol_mean_um3,0.04466460411359918,6.0918257e-05,1.5312324,1.4588714,9.452832994705611e-05
jq1,DAPI_foci_vol_median_um3,0.02763658592049123,0.0131110735,0.941175,0.9185,0.018437447142787278
jq1,DAPI_foci_vol_cv,0.06400645640630587,9.170474e-09,0.9220383,0.88428384,1.7194639045925442e-08
jq1,DAPI_condensed_fraction,0.12511759242447007,2.874763e-29,0.026782941,0.02440473,1.4373815523436793e-28
jq1,DAPI_partition_coefficient,0.023254376729639148,0.03685473,0.8334582,0.8270206,0.04482331912259798
jq1,DAPI_mean_foci_intensity,0.014114484522383508,0.20517454,124.744156,124.30377,0.23082135245203972
jq1,DAPI_foci_local_dapi,0.026615645813734545,0.016890042,235.21959,233.73764,0.023031874813816765
jq1,Pol2_n_foci,0.18969298819131697,0.0,8.0,6.0,0.0
jq1,Pol2_density_per_um3,0.20951153034662906,0.0,0.012503484,0.008932066,0.0
jq1,Pol2_foci_vol_mean_um3,0.18454572773054156,0.0,0.07997857,0.06752853,0.0
jq1,Pol2_foci_vol_median_um3,0.146279714425692,2.075822e-39,0.0569,0.051,1.334456927947513e-38
jq1,Pol2_foci_vol_cv,0.14552531092097065,4.387261e-39,0.7183527,0.62764144,2.467834257501681e-38
jq1,Pol2_condensed_fraction,0.23830218457272068,0.0,0.0014602513,0.00087071443,0.0
jq1,Pol2_partition_coefficient,0.11143141581403593,1.4711822e-23,1.3577812,1.3257375,5.51693325332775e-23
jq1,Pol2_mean_foci_intensity,0.06296898424305097,1.577699e-08,241.06613,237.31389,2.839858268544049e-08
jq1,Pol2_foci_local_dapi,0.0768728796314353,5.1608956e-12,147.20038,145.40329,1.2902238956044587e-11
jq1,coloc_Brd4_Pol2_frac,0.1793694194190829,0.0,0.0061728396,0.004322144,0.0
jq1,coloc_Brd4_Pol2_nn_um,-0.19206146213866404,0.0,2.4054055,2.7202487,0.0
jq1,coloc_Brd4_Pol2_enrich,0.025733624795668764,0.0207402,1.7865989,1.7491422,0.026665971215282167
jq1,coloc_Pol2_Sc35_frac,0.06341612811391095,7.081753e-12,0.0,0.0,1.6772573256260867e-11
jq1,coloc_Pol2_Sc35_nn_um,0.05431854676311665,1.080825e-06,0.8853686,0.86177367,1.801374954387332e-06
jq1,coloc_Pol2_Sc35_enrich,0.061252359009267066,3.5490607e-11,0.0,0.0,7.985386570735775e-11
jq1,coloc_Brd4_Sc35_frac,0.0943624255185711,2.4488068e-17,0.02534113,0.024163568,7.346420479985361e-17
jq1,coloc_Brd4_Sc35_nn_um,-0.1159781983582765,2.219599e-25,1.3174276,1.3406518,9.080177510678845e-25
jq1,coloc_Brd4_Sc35_enrich,0.081361940080106,2.8083517e-13,1.7850428,1.7261748,7.433872135741598e-13
sgc_cbp30,Brd4_n_foci,0.0036861941764609885,0.7575172,701.0,703.0,0.7786945321343162
sgc_cbp30,Brd4_density_per_um3,0.14312054870814794,4.1313943e-33,1.1442474,1.1175786,1.8591274269494707e-32
sgc_cbp30,Brd4_foci_vol_mean_um3,-0.18754488962131355,0.0,0.3653858,0.37541276,0.0
sgc_cbp30,Brd4_foci_vol_median_um3,-0.15994937877418047,6.0502e-41,0.2916,0.3003,3.025123124784415e-40
sgc_cbp30,Brd4_foci_vol_cv,-0.05081672980014729,2.0782452e-05,0.7913572,0.7983599,4.066131979292866e-05
sgc_cbp30,Brd4_condensed_fraction,0.010766528192627689,0.3671715,0.53693396,0.5371541,0.40299310553364637
sgc_cbp30,Brd4_partition_coefficient,0.0288207199887085,0.01578005,1.6143738,1.6102333,0.024486284959932852
sgc_cbp30,Brd4_mean_foci_intensity,-0.017006404901141692,0.15432541,549.7256,553.60974,0.18769306709637512
sgc_cbp30,Brd4_foci_local_dapi,-0.01829169575384426,0.12550236,154.68742,155.32257,0.15687795355916023
sgc_cbp30,Sc35_n_foci,-0.10002021797263327,5.2069597e-17,31.0,33.0,1.464457410268861e-16
sgc_cbp30,Sc35_density_per_um3,-0.0721416555086346,1.5178516e-09,0.051446944,0.0528489,3.415166149878246e-09
sgc_cbp30,Sc35_foci_vol_mean_um3,0.184755229016224,0.0,0.34166285,0.3154558,0.0
sgc_cbp30,Sc35_foci_vol_median_um3,0.142222374810695,1.0179305e-32,0.2537,0.23475,4.164261137553652e-32
sgc_cbp30,Sc35_foci_vol_cv,0.034852008255036315,0.0035099979,0.8338191,0.82463044,0.005641067982651293
sgc_cbp30,Sc35_condensed_fraction,0.2094856624056336,0.0,0.05409027,0.046821594,0.0
sgc_cbp30,Sc35_partition_coefficient,0.2327336606356072,0.0,3.19296,2.922511,0.0
sgc_cbp30,Sc35_mean_foci_intensity,0.2289896735751098,0.0,916.3542,793.947,0.0
sgc_cbp30,Sc35_foci_local_dapi,-0.03526197533407338,0.0031421273,140.71172,141.27505,0.005236878835906585
sgc_cbp30,DAPI_n_foci,0.12267033641943526,6.904828e-25,13.0,12.0,2.5893105048299928e-24
sgc_cbp30,DAPI_density_per_um3,0.1665019092632647,3.4e-44,0.020373514,0.018416092,1.891752926838503e-43
sgc_cbp30,DAPI_foci_vol_mean_um3,-0.020280762789775086,0.08938034,1.4152334,1.4588714,0.11491757844175611
sgc_cbp30,DAPI_foci_vol_median_um3,-0.016816127075680032,0.1589883,0.8996,0.9185,0.18827561485139946
sgc_cbp30,DAPI_foci_vol_cv,0.004390771449170883,0.7130501,0.88437414,0.88428384,0.7639822789600917
sgc_cbp30,DAPI_condensed_fraction,0.11628599657438876,2.0375358e-22,0.026791215,0.02440473,7.053008648080269e-22
sgc_cbp30,DAPI_partition_coefficient,0.04947910110130738,3.408831e-05,0.84140813,0.8270206,6.391557917595492e-05
sgc_cbp30,DAPI_mean_foci_intensity,0.02288178589548462,0.055297364,125.68305,124.30377,0.07776191749144346
sgc_cbp30,DAPI_foci_local_dapi,0.04225285435811754,0.00040161534,236.80809,233.73764,0.0006951034727255598
sgc_cbp30,Pol2_n_foci,-0.08471464048248478,1.1438592e-12,5.0,6.0,2.709140220957149e-12
sgc_cbp30,Pol2_density_per_um3,-0.07056137299107734,3.3907699e-09,0.0080655245,0.008932066,7.265935472336846e-09
sgc_cbp30,Pol2_foci_vol_mean_um3,-0.10446229729575074,2.1029855e-18,0.060814288,0.06752853,6.3089565763690015e-18
sgc_cbp30,Pol2_foci_vol_median_um3,-0.09682905894874172,4.8904686e-16,0.0467,0.051,1.2945358057609162e-15
sgc_cbp30,Pol2_foci_vol_cv,-0.09241219487073848,8.618976e-15,0.5637556,0.62764144,2.154744032872402e-14
sgc_cbp30,Pol2_condensed_fraction,-0.11513166477838432,5.1378816e-22,0.00069145625,0.00087071443,1.6514619494138679e-21
sgc_cbp30,Pol2_partition_coefficient,-0.23494451501661306,0.0,1.2357522,1.3257375,0.0
sgc_cbp30,Pol2_mean_foci_intensity,-0.2893758749995231,0.0,208.6553,237.31389,0.0
sgc_cbp30,Pol2_foci_local_dapi,-0.011786467691298208,0.32342732,145.37036,145.40329,0.37318536868462193
sgc_cbp30,coloc_Brd4_Pol2_frac,-0.06869891624037261,8.070249e-09,0.0038363172,0.004322144,1.650732823160245e-08
sgc_cbp30,coloc_Brd4_Pol2_nn_um,-0.011242718668818208,0.34624812,2.7052927,2.7202487,0.38952913507819176
sgc_cbp30,coloc_Brd4_Pol2_enrich,-0.04429509847678559,0.00020049809,1.6894667,1.7491422,0.00036089656641706823
sgc_cbp30,coloc_Pol2_Sc35_frac,-0.017092693682455806,0.07441707,0.0,0.0,0.10147782211953943
sgc_cbp30,coloc_Pol2_Sc35_nn_um,0.003219273449987181,0.7873932,0.8726501,0.86177367,0.7873932123184204
sgc_cbp30,coloc_Pol2_Sc35_enrich,-0.016626688486818253,0.08268335,0.0,0.0,0.1094338418368031
sgc_cbp30,coloc_Brd4_Sc35_frac,-0.02354749125477318,0.048576,0.023809524,0.024163568,0.07051354995177637
sgc_cbp30,coloc_Brd4_Sc35_nn_um,-0.0036254639643248376,0.7613902,1.3433346,1.3406518,0.7786945321343162
sgc_cbp30,coloc_Brd4_Sc35_enrich,0.02513101627737524,0.035298467,1.7419727,1.7261748,0.05294770002365112
drb,Brd4_n_foci,0.025653931316573564,0.02564707,702.0,703.0,0.026051392778754234
drb,Brd4_density_per_um3,0.2312167914950114,0.0,1.1615305,1.1175786,0.0
drb,Brd4_foci_vol_mean_um3,0.04005299818519781,0.00049395754,0.37855297,0.37541276,0.0005169323141968181
drb,Brd4_foci_vol_median_um3,-0.08993256082158674,5.0966273e-15,0.2945,0.3003,6.552806545669825e-15
drb,Brd4_foci_vol_cv,0.14527424413226075,1.324724e-36,0.8128223,0.7983599,2.0556061802900145e-36
drb,Brd4_condensed_fraction,0.5610963650746557,0.0,0.58360445,0.5371541,0.0
drb,Brd4_partition_coefficient,0.5147441897812155,0.0,1.7671912,1.6102333,0.0
drb,Brd4_mean_foci_intensity,0.6450962110483378,0.0,696.10767,553.60974,0.0
drb,Brd4_foci_local_dapi,0.09096023508300943,2.5287879e-15,157.63676,155.32257,3.346925099756387e-15
drb,Sc35_n_foci,-0.7098952607360516,0.0,20.0,33.0,0.0
drb,Sc35_density_per_um3,-0.7487257947162954,0.0,0.03274344,0.0528489,0.0
drb,Sc35_foci_vol_mean_um3,0.8725216091673837,0.0,0.587513,0.3154558,0.0
drb,Sc35_foci_vol_median_um3,0.23528245020579486,0.0,0.2712,0.23475,0.0
drb,Sc35_foci_vol_cv,0.7435137274245773,0.0,1.1693238,0.82463044,0.0
drb,Sc35_condensed_fraction,0.5593480090593739,0.0,0.06680679,0.046821594,0.0
drb,Sc35_partition_coefficient,0.5605864093797923,0.0,3.654609,2.922511,0.0
drb,Sc35_mean_foci_intensity,0.16145302628200575,8e-45,873.0274,793.947,1.3512520905989307e-44
drb,Sc35_foci_local_dapi,-0.05152036697112172,7.41167e-06,140.27435,141.27505,8.551927084436802e-06
drb,DAPI_n_foci,0.05594787125643208,1.0609783e-06,12.0,12.0,1.2564216951049228e-06
drb,DAPI_density_per_um3,0.11553687131511525,9.1861906e-24,0.019851116,0.018416092,1.3334792774501696e-23
drb,DAPI_foci_vol_mean_um3,0.049070411503331135,1.9687735e-05,1.5194615,1.4588714,2.1608490076288013e-05
drb,DAPI_foci_vol_median_um3,0.025584202261998312,0.026051393,0.94185,0.9185,0.026051392778754234
drb,DAPI_foci_vol_cv,0.051048986251030826,8.974721e-06,0.9058601,0.88428384,1.0096561027239659e-05
drb,DAPI_condensed_fraction,0.16561908935974978,0.0,0.027755879,0.02440473,0.0
drb,DAPI_partition_coefficient,0.09509278444153635,1.320909e-16,0.85432714,0.8270206,1.8575282400005628e-16
drb,DAPI_mean_foci_intensity,0.09315042502919457,5.374751e-16,130.26526,124.30377,7.32920620473329e-16
drb,DAPI_foci_local_dapi,0.08109789986620508,1.7344342e-12,239.94238,233.73764,2.1094470131803637e-12
drb,Pol2_n_foci,0.40374257961799564,0.0,11.0,6.0,0.0
drb,Pol2_density_per_um3,0.4672726562659233,0.0,0.018709773,0.008932066,0.0
drb,Pol2_foci_vol_mean_um3,0.3775492142127168,0.0,0.096238464,0.06752853,0.0
drb,Pol2_foci_vol_median_um3,0.28563151269027753,0.0,0.0642,0.051,0.0
drb,Pol2_foci_vol_cv,0.3251484965540372,0.0,0.8313461,0.62764144,0.0
drb,Pol2_condensed_fraction,0.4810114344706249,0.0,0.0024313894,0.00087071443,0.0
drb,Pol2_partition_coefficient,-0.04532426164830872,8.051834e-05,1.3041846,1.3257375,8.626964699942619e-05
drb,Pol2_mean_foci_intensity,-0.12248423111115492,1.6496761e-26,226.22986,237.31389,2.4745141408624294e-26
drb,Pol2_foci_local_dapi,0.24875688040075294,0.0,151.33745,145.40329,0.0
drb,coloc_Brd4_Pol2_frac,0.4757305956591662,0.0,0.010204081,0.004322144,0.0
drb,coloc_Brd4_Pol2_nn_um,-0.3548471918033924,0.0,2.1875966,2.7202487,0.0
drb,coloc_Brd4_Pol2_enrich,0.18282164723623295,0.0,2.0447304,1.7491422,0.0
drb,coloc_Pol2_Sc35_frac,-0.23581685723661738,0.0,0.0,0.0,0.0
drb,coloc_Pol2_Sc35_nn_um,0.72878974846791,0.0,1.3848935,0.86177367,0.0
drb,coloc_Pol2_Sc35_enrich,-0.22961302323978083,0.0,0.0,0.0,0.0
drb,coloc_Brd4_Sc35_frac,-0.6384991722111353,0.0,0.014519056,0.024163568,0.0
drb,coloc_Brd4_Sc35_nn_um,0.7289709619353912,0.0,1.6002985,1.3406518,0.0
drb,coloc_Brd4_Sc35_enrich,-0.08233725772145828,7.943366e-13,1.6598113,1.7261748,9.929207521290617e-13
triptolide,Brd4_n_foci,0.021326849819622185,0.06579789,703.0,703.0,0.0672932942821221
triptolide,Brd4_density_per_um3,0.1719386560934657,0.0,1.1475677,1.1175786,0.0
triptolide,Brd4_foci_vol_mean_um3,0.20653484503196906,0.0,0.38810897,0.37541276,0.0
triptolide,Brd4_foci_vol_median_um3,-0.014519335615036821,0.21027161,0.3003,0.3003,0.21027161180973053
triptolide,Brd4_foci_vol_cv,0.31553243719008495,0.0,0.83082324,0.7983599,0.0
triptolide,Brd4_condensed_fraction,0.6359275447020472,0.0,0.5958884,0.5371541,0.0
triptolide,Brd4_partition_coefficient,0.5886304453246101,0.0,1.8017273,1.6102333,0.0
triptolide,Brd4_mean_foci_intensity,0.6906858705371535,0.0,723.10345,553.60974,0.0
triptolide,Brd4_foci_local_dapi,0.058129759972642026,5.312196e-07,156.64325,155.32257,5.830459003402389e-07
triptolide,Sc35_n_foci,-0.9165784749026632,0.0,14.0,33.0,0.0
triptolide,Sc35_density_per_um3,-0.9395256074965452,0.0,0.021824382,0.0528489,0.0
triptolide,Sc35_foci_vol_mean_um3,0.9582982948891523,0.0,0.8569667,0.3154558,0.0
triptolide,Sc35_foci_vol_median_um3,0.5395508351763556,0.0,0.3849,0.23475,0.0
triptolide,Sc35_foci_vol_cv,0.7243625806234602,0.0,1.165957,0.82463044,0.0
triptolide,Sc35_condensed_fraction,0.616391965264288,0.0,0.07012735,0.046821594,0.0
triptolide,Sc35_partition_coefficient,0.6910824706868377,0.0,3.9054017,2.922511,0.0
triptolide,Sc35_mean_foci_intensity,0.2963850486754067,0.0,948.70953,793.947,0.0
triptolide,Sc35_foci_local_dapi,-0.2314273120467777,0.0,137.18958,141.27505,0.0
triptolide,DAPI_n_foci,0.0535730453453529,3.584483e-06,12.0,12.0,3.840517511629774e-06
triptolide,DAPI_density_per_um3,0.09387254695852287,5.58195e-16,0.019592833,0.018416092,6.788857827628945e-16
triptolide,DAPI_foci_vol_mean_um3,0.0656737472354667,1.4662116e-08,1.5398656,1.4588714,1.69178261143744e-08
triptolide,DAPI_foci_vol_median_um3,0.03832375382269415,0.00094611116,0.94625,0.9185,0.0009901163325276832
triptolide,DAPI_foci_vol_cv,0.06500079887652732,2.053604e-08,0.9148656,0.88428384,2.3103045476702277e-08
triptolide,DAPI_condensed_fraction,0.17334506420444518,0.0,0.02813433,0.02440473,0.0
triptolide,DAPI_partition_coefficient,0.10661231503205326,3.6764992e-20,0.85863006,0.8270206,4.7269275801626627e-20
triptolide,DAPI_mean_foci_intensity,0.09626052204478763,1.0056999e-16,130.04706,124.30377,1.2571248585661437e-16
triptolide,DAPI_foci_local_dapi,0.08340961202631525,6.223473e-13,239.86093,233.73764,7.369902000558983e-13
triptolide,Pol2_n_foci,-0.3492782781267607,0.0,3.0,6.0,0.0
triptolide,Pol2_density_per_um3,-0.3487250210931434,0.0,0.0046639326,0.008932066,0.0
triptolide,Pol2_foci_vol_mean_um3,-0.14052767196167637,7.5897538e-34,0.05657,0.06752853,1.034966422299109e-33
triptolide,Pol2_foci_vol_median_um3,-0.10910106068378222,4.6325576e-21,0.04375,0.051,6.1313261953769885e-21
triptolide,Pol2_foci_vol_cv,-0.19942494905410213,0.0,0.470284,0.62764144,0.0
triptolide,Pol2_condensed_fraction,-0.481604921920331,0.0,0.00024797523,0.00087071443,0.0
triptolide,Pol2_partition_coefficient,-0.8147932311331993,0.0,0.752787,1.3257375,0.0
triptolide,Pol2_mean_foci_intensity,-0.8560492472340653,0.0,95.10463,237.31389,0.0
triptolide,Pol2_foci_local_dapi,-0.15137518885721413,5.347044e-39,140.65463,145.40329,7.761837849103194e-39
triptolide,coloc_Brd4_Pol2_frac,-0.34175580446866305,0.0,0.0017226541,0.004322144,0.0
triptolide,coloc_Brd4_Pol2_nn_um,0.2486283500256481,0.0,3.3695998,2.7202487,0.0
triptolide,coloc_Brd4_Pol2_enrich,-0.17333938797648785,0.0,1.3615495,1.7491422,0.0
triptolide,coloc_Pol2_Sc35_frac,-0.2623217944728956,0.0,0.0,0.0,0.0
triptolide,coloc_Pol2_Sc35_nn_um,0.6373161182449383,0.0,1.8094842,0.86177367,0.0
triptolide,coloc_Pol2_Sc35_enrich,-0.25826830198093353,0.0,0.0,0.0,0.0
triptolide,coloc_Brd4_Sc35_frac,-0.8795505478611132,0.0,0.0091813365,0.024163568,0.0
triptolide,coloc_Brd4_Sc35_nn_um,0.9105080644483128,0.0,1.8181999,1.3406518,0.0
triptolide,coloc_Brd4_Sc35_enrich,-0.1431554501599155,4.895316e-35,1.5962989,1.7261748,6.88403784865966e-35
eed226,Brd4_n_foci,-0.005761057228657052,0.6219133,696.0,703.0,0.6663356934274945
eed226,Brd4_density_per_um3,0.34464975974747714,0.0,1.1920123,1.1175786,0.0
eed226,Brd4_foci_vol_mean_um3,-0.3089726507658591,0.0,0.35887527,0.37541276,0.0
eed226,Brd4_foci_vol_median_um3,-0.3143216867810147,0.0,0.2814,0.3003,0.0
eed226,Brd4_foci_vol_cv,0.07255304343039048,5.284634e-10,0.80477446,0.7983599,1.251623804598978e-09
eed226,Brd4_condensed_fraction,0.1514032089198436,2.06617e-38,0.5496087,0.5371541,1.0330850121778886e-37
eed226,Brd4_partition_coefficient,0.08208805871058589,2.1162566e-12,1.6313176,1.6102333,5.601855721021506e-12
eed226,Brd4_mean_foci_intensity,0.15844595461544753,6.665e-42,584.4576,553.60974,3.748823716684967e-41
eed226,Brd4_foci_local_dapi,0.04788485024949929,4.151819e-05,156.80313,155.32257,7.473274090443737e-05
eed226,Sc35_n_foci,-0.05900229077486796,4.3460363e-07,32.0,33.0,9.312935032669754e-07
eed226,Sc35_density_per_um3,0.1012172976081982,4.553922e-18,0.054907344,0.0528489,1.707720785265473e-17
eed226,Sc35_foci_vol_mean_um3,-0.2441636062550956,0.0,0.28617144,0.3154558,0.0
eed226,Sc35_foci_vol_median_um3,-0.20181462801466132,0.0,0.21285,0.23475,0.0
eed226,Sc35_foci_vol_cv,-0.021744476887172515,0.06270321,0.82148075,0.82463044,0.0855043733661825
eed226,Sc35_condensed_fraction,-0.04869079327559589,3.074958e-05,0.045429178,0.046821594,5.7655461205285974e-05
eed226,Sc35_partition_coefficient,0.07829904769195717,2.0521307e-11,3.0003815,2.922511,5.1303267190050406e-11
eed226,Sc35_mean_foci_intensity,0.08711958464132863,8.8317496e-14,834.58777,793.947,2.6495248865981286e-13
eed226,Sc35_foci_local_dapi,0.020149471662359364,0.08457122,141.66313,141.27505,0.11193249703330152
eed226,DAPI_n_foci,0.0995815418510475,1.25830425e-17,13.0,12.0,4.0445493836256055e-17
eed226,DAPI_density_per_um3,0.2164969695510015,0.0,0.02124484,0.018416092,0.0
eed226,DAPI_foci_vol_mean_um3,0.010772154132634437,0.35648787,1.4560833,1.4588714,0.4221566884141219
eed226,DAPI_foci_vol_median_um3,-0.009391832890847773,0.42143813,0.9127,0.9185,0.4862747627955217
eed226,DAPI_foci_vol_cv,0.04487629973410723,0.00012236707,0.9052629,0.88428384,0.00021178915910870553
eed226,DAPI_condensed_fraction,0.21852388741011408,0.0,0.029240059,0.02440473,0.0
eed226,DAPI_partition_coefficient,0.12312904163206273,5.672338e-26,0.8651591,0.8270206,2.552552205911418e-25
eed226,DAPI_mean_foci_intensity,0.10040805726550084,8.343558e-18,131.07948,124.30377,2.8881547800247954e-17
eed226,DAPI_foci_local_dapi,0.11551815394999165,4.6857517e-23,242.81172,233.73764,1.916898437241273e-22
eed226,Pol2_n_foci,-0.008107994000030705,0.48671705,6.0,6.0,0.5348739536797128
eed226,Pol2_density_per_um3,0.03599458322563298,0.002058722,0.009467456,0.008932066,0.003308660483786038
eed226,Pol2_foci_vol_mean_um3,0.0016353615127744359,0.8886574,0.0671,0.06752853,0.9088541499593041
eed226,Pol2_foci_vol_median_um3,0.000988764895448524,0.9325241,0.05105,0.051,0.9325240850448608
eed226,Pol2_foci_vol_cv,-0.00809967902773312,0.4873296,0.62491375,0.62764144,0.5348739536797128
eed226,Pol2_condensed_fraction,0.028686331862873393,0.014051698,0.00093308906,0.00087071443,0.020397626344234712
eed226,Pol2_partition_coefficient,0.015640068647264416,0.18057203,1.3280512,1.3257375,0.2196146346427299
eed226,Pol2_mean_foci_intensity,-0.016463143383525614,0.15869945,235.35237,237.31389,0.20404215369905745
eed226,Pol2_foci_local_dapi,0.022688620487317568,0.052081835,145.93333,145.40329,0.07324007980059832
eed226,coloc_Brd4_Pol2_frac,0.04870054186380668,2.9718416e-05,0.0048154094,0.004322144,5.7655461205285974e-05
eed226,coloc_Brd4_Pol2_nn_um,-0.07008378338120891,1.9717619e-09,2.5911412,2.7202487,4.436464196011514e-09
eed226,coloc_Brd4_Pol2_enrich,0.03143686735425755,0.007030005,1.7991153,1.7491422,0.010545007651671767
eed226,coloc_Pol2_Sc35_frac,-0.027540586024911384,0.0032289925,0.0,0.0,0.0050105055360573116
eed226,coloc_Pol2_Sc35_nn_um,-0.0023784404810699433,0.83865213,0.86524105,0.86177367,0.8776592099389364
eed226,coloc_Pol2_Sc35_enrich,-0.031583418741001346,0.0007322096,0.0,0.0,0.0012203493194344144
eed226,coloc_Brd4_Sc35_frac,0.08254419945382097,1.5987798e-12,0.025157232,0.024163568,4.496568217868691e-12
eed226,coloc_Brd4_Sc35_nn_um,-0.05776450679526779,7.632741e-07,1.3314373,1.3406518,1.5612424807510583e-06
eed226,coloc_Brd4_Sc35_enrich,0.015917616688092107,0.17303151,1.7394445,1.7261748,0.21628938615322113
tsa,Brd4_n_foci,-0.18327425950971388,0.0,622.5,703.0,0.0
tsa,Brd4_density_per_um3,-0.2676701963415765,0.0,1.053825,1.1175786,0.0
tsa,Brd4_foci_vol_mean_um3,-0.13304002860638597,5.7968552e-33,0.36832136,0.37541276,1.3042924311388705e-32
tsa,Brd4_foci_vol_median_um3,-0.01800638832970547,0.105459735,0.3003,0.3003,0.11036483874154646
tsa,Brd4_foci_vol_cv,0.030578809403010387,0.005980895,0.79911363,0.7983599,0.006901032577913541
tsa,Brd4_condensed_fraction,-0.8621204929939648,0.0,0.44282424,0.5371541,0.0
tsa,Brd4_partition_coefficient,-0.8404034700617408,0.0,1.2452248,1.6102333,0.0
tsa,Brd4_mean_foci_intensity,-0.9029114052589527,0.0,311.8048,553.60974,0.0
tsa,Brd4_foci_local_dapi,-0.06368491712430435,1.0352535e-08,153.68365,155.32257,1.259092073845246e-08
tsa,Sc35_n_foci,0.02284363495513886,0.039915558,33.0,33.0,0.04380975872641656
tsa,Sc35_density_per_um3,0.1297981285829275,1.8576089e-31,0.054963447,0.0528489,3.7996546084233925e-31
tsa,Sc35_foci_vol_mean_um3,0.2260881511139281,0.0,0.34893435,0.3154558,0.0
tsa,Sc35_foci_vol_median_um3,-0.006459777477232143,0.56144106,0.2333,0.23475,0.5614410638809204
tsa,Sc35_foci_vol_cv,0.35800383046847917,0.0,0.92050385,0.82463044,0.0
tsa,Sc35_condensed_fraction,0.2712279544103082,0.0,0.055980846,0.046821594,0.0
tsa,Sc35_partition_coefficient,0.11787797452107363,3.0951676e-26,3.0564847,2.922511,5.803439175568062e-26
tsa,Sc35_mean_foci_intensity,0.06680090788575099,1.9138913e-09,831.21704,793.947,2.3923640846135186e-09
tsa,Sc35_foci_local_dapi,0.08831601724516736,2.0377995e-15,142.87656,141.27505,2.8656555297200452e-15
tsa,DAPI_n_foci,-0.1320016026618619,1.2418964e-32,11.0,12.0,2.661206593704656e-32
tsa,DAPI_density_per_um3,-0.10175588556056958,5.8440336e-20,0.017448988,0.018416092,9.392196877435535e-20
tsa,DAPI_foci_vol_mean_um3,-0.12064162392819044,2.1090343e-27,1.313125,1.4588714,4.1263713923007765e-27
tsa,DAPI_foci_vol_median_um3,-0.14288577953145631,9.2353965e-38,0.8296,0.9185,2.444663789454803e-37
tsa,DAPI_foci_vol_cv,-0.011959148116903351,0.28235185,0.8828198,0.88428384,0.2887689389965751
tsa,DAPI_condensed_fraction,-0.26718227470363276,0.0,0.019068561,0.02440473,0.0
tsa,DAPI_partition_coefficient,-0.233054014391472,0.0,0.7557881,0.8270206,0.0
tsa,DAPI_mean_foci_intensity,-0.16827633381986007,0.0,113.67209,124.30377,0.0
tsa,DAPI_foci_local_dapi,-0.1881852786717273,0.0,219.1215,233.73764,0.0
tsa,Pol2_n_foci,-0.09773106674343968,1.2838656e-18,5.0,6.0,1.8636758436447323e-18
tsa,Pol2_density_per_um3,-0.0868616133842971,5.7355498e-15,0.008015169,0.008932066,7.821204233354766e-15
tsa,Pol2_foci_vol_mean_um3,0.19678325083207993,0.0,0.08239417,0.06752853,0.0
tsa,Pol2_foci_vol_median_um3,0.2141258413168856,0.0,0.06415,0.051,0.0
tsa,Pol2_foci_vol_cv,0.01840348915580914,0.09743078,0.64800715,0.62764144,0.10439012199640274
tsa,Pol2_condensed_fraction,0.10521994010909896,3.0733142e-21,0.0011046736,0.00087071443,5.531965630543182e-21
tsa,Pol2_partition_coefficient,0.5005751158166831,0.0,1.5356349,1.3257375,0.0
tsa,Pol2_mean_foci_intensity,0.582317256127832,0.0,316.0824,237.31389,0.0
tsa,Pol2_foci_local_dapi,0.09918860128758489,4.750656e-19,147.91711,145.40329,7.371707491856337e-19
tsa,coloc_Brd4_Pol2_frac,-0.09890866860781433,5.1267574e-19,0.0036630037,0.004322144,7.690136079204226e-19
tsa,coloc_Brd4_Pol2_nn_um,0.02930731803724873,0.008414154,2.765122,2.7202487,0.009465923183597624
tsa,coloc_Brd4_Pol2_enrich,-0.04321840068083993,9.9001e-05,1.6597574,1.7491422,0.00011723802775745036
tsa,coloc_Pol2_Sc35_frac,-0.07959557647471915,4.6085205e-20,0.0,0.0,7.680867434275922e-20
tsa,coloc_Pol2_Sc35_nn_um,0.13607676038630534,2.0324352e-34,0.93874633,0.86177367,5.0810881067537615e-34
tsa,coloc_Pol2_Sc35_enrich,-0.08191187913901121,3.7511562e-21,0.0,0.0,6.492385795650219e-21
tsa,coloc_Brd4_Sc35_frac,0.13558700993337913,3.5850502e-34,0.025833063,0.024163568,8.490908420021037e-34
tsa,coloc_Brd4_Sc35_nn_um,-0.08044436360462281,4.7801314e-13,1.3250583,1.3406518,6.326644458780176e-13
tsa,coloc_Brd4_Sc35_enrich,0.0674169085661942,1.358382e-09,1.7727578,1.7261748,1.7464910946023743e-09
