name,type,chr,strand,rna_probe,rna_start,rna_end,dna_start,dna_end,tss_used,tss_offset,note
E_Sox2,E,chr3,-,yes,34754000,34764000,34754000,34764000,,,
P_Sox2,P,chr3,+,yes,34650405,34660405,34645405,34655405,34650405,0,
E1_Etl4,E,chr2,-,yes,20648000,20658000,20648000,20658000,,,
E2_Etl4,E,chr2,-,yes,20666000,20676000,20666000,20676000,,,
P_Etl4,P,chr2,+,yes,20519000,20529000,20514791,20524791,20519791,791,
E_Cbfa2t2,E,chr2,-,yes,154419000,154429000,154419000,154429000,,,
P_Cbfa2t2,P,chr2,+,yes,154436000,154446000,154431481,154441481,154436481,481,
E1_Mcl1,E,chr3,+,yes,95645000,95655000,95645000,95655000,,,
E2_Mcl1,E,chr3,-,yes,95697000,95707000,95697000,95707000,,,
P_Mcl1,P,chr3,+,yes,95658788,95668788,95653788,95663788,95658788,0,
E_Macf1,E,chr4,+,yes,123662000,123672000,123662000,123672000,,,
P_Macf1,P,chr4,-,yes,123674000,123684000,123679360,123689360,123684360,360,
E_Med13l,E,chr5,+,yes,118434000,118450000,118434000,118450000,,,
P_Med13l,P,chr5,+,yes,118561000,118571000,118555739,118565739,118560739,-261,
E_mir290,E,chr7,-,yes,3200000,3215000,3200000,3215000,,,
P_mir290,P,chr7,+,yes,3217000,3225000,3213626,3223626,3218626,1626,PROVISIONAL: pri-miR-290 cluster start (Mir290a); no Ensembl TSS
E_Sall1,E,chr8,-,yes,89002000,89016000,89002000,89016000,,,
P_Sall1,P,chr8,-,yes,89034162,89044162,89039162,89049162,89044162,-9838,"FIX: - strand gene body; RNA moved to [TSS-10kb,TSS], DNA re-centered on TSS"
E_Tet1,E,chr10,+,yes,62890000,62900000,62890000,62900000,,,
P_Tet1,P,chr10,-,yes,62870000,62880000,62875014,62885014,62880014,14,
E_Ranbp17,E,chr11,+,yes,33533000,33546000,33533000,33546000,,,
P_Ranbp17,P,chr11,-,yes,33504000,33514000,33508746,33518746,33513746,-254,
E_Esrrb,E,chr12,-,yes,86497000,86507000,86497000,86507000,,,
P_Esrrb,P,chr12,+,yes,86470000,86480000,86465117,86475117,86470117,117,
E_Nanog,E,chr6,+,yes,122697000,122707000,122697000,122707000,,,
P_Nanog,P,chr6,+,yes,122707489,122717489,122702489,122712489,122707489,0,
E1_Pou5f1,E,chr17,+,yes,35495000,35505000,35495000,35505000,,,
E2_Pou5f1,E,chr17,-,yes,35484000,35494000,35484000,35494000,,,
P_Pou5f1,P,chr17,+,yes,35506018,35510772,35501018,35511018,35506018,0,
E_Mtcl1,E,chr17,-,yes,66477500,66487500,66477500,66487500,,,
P_Mtcl1,P,chr17,-,yes,66440000,66450000,66444750,66454750,66449750,-250,
P_Ddx11,P,chr17,+,yes,66123500,66133500,66118520,66128520,66123520,20,STRAND FIX: Ensembl Ddx11 is + (sheet said -); TSS=window start; RNA strand also flips to +
P_Ankrd12,P,chr17,-,yes,66067000,66077000,66072046,66082046,66077046,46,
E_Pias3,E,chr3,-,yes,96673000,96683000,96673000,96683000,,,
P_Pias3,P,chr3,+,yes,96696000,96706000,96691384,96701384,96696384,384,
E_Fn1,E,chr1,+,yes,72212000,72222000,72212000,72222000,,,
P_Fn1,P,chr1,-,yes,71643000,71653000,71648161,71658161,71653161,161,
E_Tcfcp2l1,E,chr1,+,yes,119070000,119080000,119070000,119080000,,,
P_Tcfcp2l1,P,chr1,+,yes,118628000,118638000,118622946,118632946,118627946,-54,
E_Smg7,E,chr1,-,yes,153090000,153100000,153090000,153100000,,,
P_Smg7,P,chr1,-,yes,152892500,152902500,152897622,152907622,152902622,122,
P_Lamc1,P,chr1,-,yes,153323000,153333000,153327786,153337786,153332786,-214,
E_Enah,E,chr1,+,yes,182026000,182036000,182026000,182036000,,,
P_Enah,P,chr1,-,yes,182010000,182020000,182014990,182024990,182019990,-10,
E_Mybl2,E,chr2,-,yes,163027000,163037000,163027000,163037000,,,
P_Mybl2,P,chr2,+,yes,163054500,163064500,163049687,163059687,163054687,187,
E_Epha2,E,chr4,+,yes,141282000,141292000,141282000,141292000,,,
P_Epha2,P,chr4,+,yes,141301000,141311000,141296240,141306240,141301240,240,
E_Klf3,E,chr5,+,yes,64859000,64869000,64859000,64869000,,,
P_Klf3,P,chr5,+,yes,64803000,64813000,64798388,64808388,64803388,388,
E_Srrm4os,E,chr5,+,yes,116404000,116414000,116404000,116414000,,,
P_Srrm4os,P,chr5,+,yes,116438000,116448000,116433720,116443720,116438720,720,
E_Zfp638,E,chr6,+,yes,83887000,83897000,83887000,83897000,,,
P_Zfp638,P,chr6,+,yes,83914000,83924000,83909367,83919367,83914367,367,
P_Cd9,P,chr6,-,yes,125485000,125495000,125489791,125499791,125494791,-209,
E_Abhd17c,E,chr7,+,yes,83877000,83887000,83877000,83887000,,,
P_Abhd17c,P,chr7,-,yes,84142000,84152000,84146893,84156893,84151893,-107,
E_Trim71,E,chr9,-,yes,114496713,114506713,114496713,114506713,,,window expanded 8847bp->10kb
P_Trim71,P,chr9,-,yes,114556300,114564300,114559369,114569369,114564369,69,
E_Mycn,E,chr12,-,yes,12780000,12790000,12780000,12790000,,,
P_Mycn,P,chr12,-,yes,12936093,12941914,12936914,12946914,12941914,0,
E_Lncenc1,E,chr13,+,yes,97430000,97440000,97430000,97440000,,,
P_Lncenc1,P,chr13,+,yes,97482701,97492700,97477701,97487701,97482701,0,
E_Hes1,E,chr16,+,yes,29676000,29686000,29676000,29686000,,,
P_Hes1,P,chr16,+,yes,30065340,30075340,30060340,30070340,30065340,0,
E_Rrp1b,E,chr17,-,yes,31803000,31813000,31803000,31813000,,,
P_Rrp1b,P,chr17,+,yes,32036412,32046412,32031100,32041100,32036100,-312,
E_Gabbr1,E,chr17,+,yes,37074655,37084655,37074655,37084655,,,window expanded 7310bp->10kb
P_Gabbr1,P,chr17,+,yes,37046000,37056000,37041028,37051028,37046028,28,
P_Zfp57,P,chr17,+,yes,37002525,37010632,36997525,37007525,37002525,0,
E_Ccnd3,E,chr17,-,yes,47507000,47517000,47507000,47517000,,,
P_Ccnd3,P,chr17,+,yes,47593470,47599689,47588470,47598470,47593470,0,
P_Bysl,P,chr17,-,yes,47601492,47611492,47606492,47616492,47611492,0,
E_Csnk1a1,E,chr18,+,yes,61620000,61630000,61620000,61630000,,,
P_Csnk1a1,P,chr18,+,yes,61555274,61565274,61550274,61560274,61555274,0,
E_Neat1,E,chr19,+,yes,5802500,5812500,5802500,5812500,,,
P_Neat1,P,chr19,-,yes,5835478,5845478,5840478,5850478,5845478,0,
E2_Klf9,E,chr19,+,yes,23086000,23096000,23086000,23096000,,,
E1_Klf9,E,chr19,+,yes,23129000,23139000,23129000,23139000,,,
P_Klf9,P,chr19,+,yes,23141226,23151226,23136226,23146226,23141226,0,
E_Cd9,E,chr6,+,yes,125407000,125437000,125407000,125437000,,,COORD FIX: single large enhancer over cluster (dropped E1/E2/E3 + shared readout)
E_Klf4,E,chr4,+,yes,55460173,55482053,55460173,55482053,,,"Klf4 E1(69kb,-70%)+E2(55kb,-85%) contiguous ~22kb; E1/E2 resolvable via staged plate-3/4 sub-readouts"
P_Klf4,P,chr4,-,yes,55522466,55532466,55527466,55537466,55532466,0,"NEW pair; Klf4 TSS 55,532,466 (-); RNA=mRNA body [TSS-10k,TSS]"
E1_Car2,E,chr3,+,yes,14992559,15002559,14992559,15002559,,,Car2 proximal enh ~107kb (Hansen); window expanded 8399bp->10kb
E2_Car2,E,chr3,+,yes,15051002,15061002,15051002,15061002,,,Car2 distal enh ~168kb (Hansen); window expanded 2958bp->10kb
P_Car2,P,chr3,+,yes,14886428,14896428,14881428,14891428,14886428,0,"NEW pair; Car2 TSS 14,886,428 (+); RNA=mRNA body [TSS,TSS+10k]"
P_Inhbb,P,chr1,-,yes,119412248,119422248,119417248,119427248,119422248,0,"NEW (Hansen); Inhbb TSS 119,422,248 (-)"
E1_Inhbb,E,chr1,+,yes,119140844,119150844,119140844,119150844,,,Inhbb distal enh ~276kb (Hansen); window expanded 8509bp->10kb
E2_Inhbb,E,chr1,-,yes,119297289,119309265,119297289,119309265,,,Inhbb enh ~119kb (Hansen)
P_Ceacam1,P,chr7,-,yes,25467534,25477534,25472534,25482534,25477534,0,"NEW (Hansen); Ceacam1 TSS 25,477,534 (-)"
E_Ceacam1,E,chr7,-,yes,25430065,25440065,25430065,25440065,,,Ceacam1 enh ~42kb (Hansen); - strand avoids + lncRNA; window expanded 8024bp->10kb
P_Zbtb10,P,chr3,+,yes,9250602,9260602,9245602,9255602,9250602,0,"NEW (Hansen); Zbtb10 TSS 9,250,602 (+)"
E_Zbtb10,E,chr3,-,yes,9077525,9087525,9077525,9087525,,,Zbtb10 enh ~168kb (Hansen); window expanded 3608bp->10kb
P_Prdm14,P,chr1,-,yes,13117163,13127163,13122163,13132163,13127163,0,"NEW (Hansen); Prdm14 TSS 13,127,163 (-)"
E_Prdm14,E,chr1,+,yes,13082457,13097137,13082457,13097137,,,Prdm14 enh ~37kb (Hansen)
P_Sik1,P,chr17,-,yes,31845792,31855792,31850792,31860792,31855792,0,"NEW (Hansen); Sik1 TSS 31,855,792 (-) chr17; shares E_Rrp1b"